" is out of stock!"," is out of stock!"
"'Size'","'Size'"
"(no Budsie)","(no Budsie)"
"*We will refund the rush fee in the unlikely event we do not meet a promised delivery date.","*We will refund the rush fee in the unlikely event we do not meet a promised delivery date."
"10% discount on 10+ Petsies","10% discount on 10+ Petsies"
"12 colorful ways for more advanced artists to sketch out your new friend","12 colorful ways for more advanced artists to sketch out your new friend"
"20% discount on 20+ Petsies","20% discount on 20+ Petsies"
"2017 Oppenheimer Best Toy Award","2017 Oppenheimer Best Toy Award"
"404 Page Not Found","404 Page Not Found"
"A customer with the same email already exists in an associated website.","A customer with the same email already exists in an associated website."
"About Us","About Us"
"About us (Magento CMS)","About us (Magento CMS)"
"About us","About us"
"About","About"
"Accepts only alphabet characters.","Accepts only alphabet characters."
"Accessories","Accessories"
"Account data has successfully been updated","Account data has successfully been updated"
"Account","Account"
"Add Address","Add Address"
"Add New Address","Add New Address"
"Add Pet","Add Pet"
"Add a discount code","Add a discount code"
"Add another pet","Add another pet"
"Add discount code","Add discount code"
"Add new address","Add new address"
"Add review","Add review"
"Add to Cart","Add to Cart"
"Add to cart","Add to cart"
"Add to compare","Add to compare"
"Add to favorite","Add to favorite"
"Adding a review ...","Adding a review ..."
"Additional Addresses","Additional Addresses"
"Additional Details","Additional Details"
"Additional Information","Additional Information"
"Address Book","Address Book"
"Address","Address"
"Affiliates","Affiliates"
"Affirm page will opened in the separate window to securely complete your purchase. Just fill out a few pieces of basic information and get a real-time decision. Checking your eligibility won't affect your credit score.","Affirm page will opened in the separate window to securely complete your purchase. Just fill out a few pieces of basic information and get a real-time decision. Checking your eligibility won't affect your credit score."
"All domestic Petsies ship via USPS 2 day priority mail.","All domestic Petsies ship via USPS 2 day priority mail."
"All pricing in USD","All pricing in USD"
"All quantity discounts applied automatically at checkout:","All quantity discounts applied automatically at checkout:"
"Allow notification about the order","Allow notification about the order"
"Allow order notifications","Allow order notifications"
"Amount","Amount"
"An error occured while loading the component.","An error occured while loading the component."
"Apparel and Accessories","Apparel and Accessories"
"Apply Gift Card","Apply Gift Card"
"Approx. 10-25 spots will open each week based on our artists' capacity","Approx. 10-25 spots will open each week based on our artists' capacity"
"Are you a trendsetter?","Are you a trendsetter?"
"Are you sure you would like to remove all the items from the shopping cart?","Are you sure you would like to remove all the items from the shopping cart?"
"Are you sure you would like to remove all the items from the wishlist?","Are you sure you would like to remove all the items from the wishlist?"
"Are you sure you would like to remove this item from the shopping cart?","Are you sure you would like to remove this item from the shopping cart?"
"As Seen On Shark Tank","As Seen On Shark Tank"
"At Brand name, we attach great importance to privacy issues and are committed to protecting the personal data of our users. Learn more about how we care and use your personal data in the","At Brand name, we attach great importance to privacy issues and are committed to protecting the personal data of our users. Learn more about how we care and use your personal data in the"
"At Budsies, we attach great importance to privacy issues and are committed to protecting the personal data of our users. Learn more about how we care and use your personal data in the","At Budsies, we attach great importance to privacy issues and are committed to protecting the personal data of our users. Learn more about how we care and use your personal data in the"
"Author","Author"
"Authorization in progress ...","Authorization in progress ..."
"Available only in U.S.","Available only in U.S."
"Back to login","Back to login"
"Back to shop","Back to shop"
"Back","Back"
"Be aware of upcoming sales and events. Receive gifts and special offers!","Be aware of upcoming sales and events. Receive gifts and special offers!"
"Become a Partner","Become a Partner"
"Best Value","Best Value"
"Best get shopping pronto...","Best get shopping pronto..."
"Bestsellers","Bestsellers"
"Billing address","Billing address"
"Billing","Billing"
"Blankets","Blankets"
"Blog","Blog"
"Bobbleheads & Figurines","Bobbleheads & Figurines"
"Buddy Pillows","Buddy Pillows"
"Budsies Accessories","Budsies Accessories"
"Budsies Co LLC. All Rights Reserved","Budsies Co LLC. All Rights Reserved"
"Budsies Colored Pencils","Budsies Colored Pencils"
"Budsies Crayons","Budsies Crayons"
"Budsies Gift Box is the perfect gift and includes everything to unlock a child's creativity and turn their drawings into custom stuffed animals","Budsies Gift Box is the perfect gift and includes everything to unlock a child's creativity and turn their drawings into custom stuffed animals"
"Budsies Pals","Budsies Pals"
"Budsies Sketchpad","Budsies Sketchpad"
"Budsies Voucher","Budsies Voucher"
"Budsies","Budsies"
"Bulk Orders","Bulk Orders"
"CVV did not pass verification","CVV did not pass verification"
"CVV","CVV"
"Cancel","Cancel"
"Capacity Per","Capacity Per"
"Card number","Card number"
"Cart","Cart"
"Cartoon Pillows","Cartoon Pillows"
"Cash on delivery","Cash on delivery"
"Cat Golf Head Covers","Cat Golf Head Covers"
"Categories","Categories"
"Change my password","Change my password"
"Change the address","Change the address"
"Change","Change"
"Changed your mind?","Changed your mind?"
"Changing password in progress ...","Changing password in progress ..."
"Check out Budsies!","Check out Budsies!"
"Check out Petsies - they make a custom plush lookalike of your pet!","Check out Petsies - they make a custom plush lookalike of your pet!"
"Check the details and status of your orders in the online store. You can also cancel your order or request a return.","Check the details and status of your orders in the online store. You can also cancel your order or request a return."
"Checkout","Checkout"
"Choose your country","Choose your country"
"Choose your production time","Choose your production time"
"City *","City *"
"City","City"
"Claim Your","Claim Your"
"Clear all","Clear all"
"Clear cart","Clear cart"
"Clear filters","Clear filters"
"Clear wishlist","Clear wishlist"
"Clear","Clear"
"Click a selected color to deselect it","Click a selected color to deselect it"
"Clicking link will open new tab where you can customize your message.","Clicking link will open new tab where you can customize your message."
"Close","Close"
"Clothes","Clothes"
"Cms Page Sync","Cms Page Sync"
"Colour","Colour"
"Columns","Columns"
"Company name *","Company name *"
"Company name","Company name"
"Compare Products","Compare Products"
"Compare products","Compare products"
"Component couldn't be loaded due to lack of network connectivity.","Component couldn't be loaded due to lack of network connectivity."
"Configure","Configure"
"Confirm your order","Confirm your order"
"Confirmation of receival","Confirmation of receival"
"Congrats!","Congrats!"
"Contact Us","Contact Us"
"Contact us","Contact us"
"Contact","Contact"
"Contains everything to draw creatures and turn them into Budsies","Contains everything to draw creatures and turn them into Budsies"
"Continue to cart","Continue to cart"
"Continue to payment","Continue to payment"
"Continue to shipping","Continue to shipping"
"Continue","Continue"
"Copy address data from shipping","Copy address data from shipping"
"Corporate Buying","Corporate Buying"
"Could not send an email. Please try again later.","Could not send an email. Please try again later."
"Could you please check your payment info or","Could you please check your payment info or"
"Country *","Country *"
"Country","Country"
"Create Your Custom Forevers Plush","Create Your Custom Forevers Plush"
"Create Your Custom Golf Head Covers","Create Your Custom Golf Head Covers"
"Create a new account","Create a new account"
"Create an account","Create an account"
"Creativity Kit","Creativity Kit"
"Current Password","Current Password"
"Current password *","Current password *"
"Custom Blankets","Custom Blankets"
"Custom Bulk","Custom Bulk"
"Custom Cms Page","Custom Cms Page"
"Custom Face Masks","Custom Face Masks"
"Custom Forevers","Custom Forevers"
"Custom Golf Headcovers","Custom Golf Headcovers"
"Custom Keychains","Custom Keychains"
"Custom Lookalikes","Custom Lookalikes"
"Custom Magnets","Custom Magnets"
"Custom Ornaments","Custom Ornaments"
"Custom Pet Lookalikes","Custom Pet Lookalikes"
"Custom Photo Pillows","Custom Photo Pillows"
"Custom Pillows","Custom Pillows"
"Custom Products","Custom Products"
"Custom Socks","Custom Socks"
"Customer service (Magento CMS)","Customer service (Magento CMS)"
"Customer service","Customer service"
"Customize What Your Character Looks Like","Customize What Your Character Looks Like"
"Customize Your Petsies {product}","Customize Your Petsies {product}"
"Customize Your {product}","Customize Your {product}"
"Customize your {productType}","Customize your {productType}"
"Customize","Customize"
"DD","DD"
"DPD Courier","DPD Courier"
"Date and time","Date and time"
"Day","Day"
"Default Addresses","Default Addresses"
"Delete discount code","Delete discount code"
"Delivery","Delivery"
"Departments","Departments"
"Describe Your Pet's Physical Features","Describe Your Pet's Physical Features"
"Describe Your {product}","Describe Your {product}"
"Description","Description"
"Details","Details"
"Discount code","Discount code"
"Discount","Discount"
"Does your pet have a special story?","Does your pet have a special story?"
"Dog Golf Head Covers","Dog Golf Head Covers"
"Don't have a good character? Get inspired by our","Don't have a good character? Get inspired by our"
"Don't have an account yet?","Don't have an account yet?"
"Don't have your photos? You can finalize your order and","Don't have your photos? You can finalize your order and"
"Don't hesitate and","Don't hesitate and"
"Don't worry, we'll send you a reminder with this code after you complete your order.","Don't worry, we'll send you a reminder with this code after you complete your order."
"Done","Done"
"Dongler's Dinner Quest: Storybook + Drawing Book","Dongler's Dinner Quest: Storybook + Drawing Book"
"Dongler's story inspires imagination while the integrated drawing pages provide an outlet for your child's artistry","Dongler's story inspires imagination while the integrated drawing pages provide an outlet for your child's artistry"
"Download all","Download all"
"Download","Download"
"Drawing Templates","Drawing Templates"
"E-mail address *","E-mail address *"
"E-mail address","E-mail address"
"E-mail us at <b>demo@vuestorefront.io</b> with any questions, suggestions how we could improve products or shopping experience","E-mail us at <b>demo@vuestorefront.io</b> with any questions, suggestions how we could improve products or shopping experience"
"E-mail","E-mail"
"Each additional Petsie in same order:","Each additional Petsie in same order:"
"Earn credits with every purchase","Earn credits with every purchase"
"Easy shipping","Easy shipping"
"Edit Address","Edit Address"
"Edit contact","Edit contact"
"Edit newsletter preferences","Edit newsletter preferences"
"Edit payment","Edit payment"
"Edit personal details","Edit personal details"
"Edit shipping","Edit shipping"
"Edit your profile","Edit your profile"
"Edit your shipping details","Edit your shipping details"
"Edit","Edit"
"Email address *","Email address *"
"Email address","Email address"
"Email has successfully been sent","Email has successfully been sent"
"Email","Email"
"Email:","Email:"
"Encourages children to express their creativity","Encourages children to express their creativity"
"English","English"
"Enjoy over 25 beautifully illustrated color pages, where your child’s drawings will help Dongler get home in time for dinner!","Enjoy over 25 beautifully illustrated color pages, where your child’s drawings will help Dongler get home in time for dinner!"
"Enjoy these perks with your free account!","Enjoy these perks with your free account!"
"Enter your email address","Enter your email address"
"Enter your email to receive instructions on how to reset your password.","Enter your email to receive instructions on how to reset your password."
"Enter your pet's birthday so we can send you a special gift","Enter your pet's birthday so we can send you a special gift"
"Erin recommends","Erin recommends"
"Error refreshing user token. User is not authorized to access the resource","Error refreshing user token. User is not authorized to access the resource"
"Error while sending reset password e-mail","Error while sending reset password e-mail"
"Error with response - bad content-type!","Error with response - bad content-type!"
"Error: Error while adding products","Error: Error while adding products"
"Everything new","Everything new"
"Expiration date","Expiration date"
"Explore the Magical Contents","Explore the Magical Contents"
"Extension developers would like to thank you for placing an order!","Extension developers would like to thank you for placing an order!"
"Eye Color","Eye Color"
"FAQ","FAQ"
"FAQ's","FAQ's"
"Face Masks","Face Masks"
"Faster checkout","Faster checkout"
"Features, colors, & even mood are all helpful","Features, colors, & even mood are all helpful"
"Feel free to edit any of your details below so your account is always up to date","Feel free to edit any of your details below so your account is always up to date"
"Field is required","Field is required"
"Field is required.","Field is required."
"Filter by categories","Filter by categories"
"Filter","Filter"
"Filters","Filters"
"Final Options","Final Options"
"Firesquirrel has a bushy long squirrel tail. I'd like it if her tail was made of some kind of longer fabric. She has three big toe's on each foot and four fingered cartoon hands. Primary fur is a rich golden yellow. Secondary fur is a light cream yellow.","Firesquirrel has a bushy long squirrel tail. I'd like it if her tail was made of some kind of longer fabric. She has three big toe's on each foot and four fingered cartoon hands. Primary fur is a rich golden yellow. Secondary fur is a light cream yellow."
"First Name","First Name"
"First custom Petsie: $13.95 domestic","First custom Petsie: $13.95 domestic"
"First name *","First name *"
"First name","First name"
"Forevers Cat","Forevers Cat"
"Forevers Dog","Forevers Dog"
"Forevers Other","Forevers Other"
"Forgot the password?","Forgot the password?"
"Forgotten password?","Forgotten password?"
"Form components","Form components"
"Full rewards program benefits","Full rewards program benefits"
"Fur Color","Fur Color"
"GIVE US A SHOUT!","GIVE US A SHOUT!"
"Gallery","Gallery"
"General agreement","General agreement"
"German","German"
"Germany","Germany"
"Get More Tickets","Get More Tickets"
"Get Started","Get Started"
"Get Ticket","Get Ticket"
"Get inspired","Get inspired"
"Get special birthday savings for your pet(s) (optional)", "Get special birthday savings for your pet(s) (optional)"
"Gift Add-ons","Gift Add-ons"
"Gift Box","Gift Box"
"Gift Boxes","Gift Boxes"
"Gift Cards","Gift Cards"
"Gift card code","Gift card code"
"Give a feedback","Give a feedback"
"Giving Back","Giving Back"
"Go review the order","Go review the order"
"Go to Facebook","Go to Facebook"
"Go to Instagram","Go to Instagram"
"Go to Pinterest","Go to Pinterest"
"Go to Youtube","Go to Youtube"
"Go to checkout","Go to checkout"
"Golf Club Headcovers","Golf Club Headcovers"
"Golf Shirts","Golf Shirts"
"Good luck!","Good luck!"
"Grand Total","Grand Total"
"Grand total","Grand total"
"Grandpa is a happy man with a big bushy white beard. He's wearing a red baseball cap, green short sleeved shirt, and jeans. He's wearing white sneakers.","Grandpa is a happy man with a big bushy white beard. He's wearing a red baseball cap, green short sleeved shirt, and jeans. He's wearing white sneakers."
"Have Questions?","Have Questions?"
"Hawaiian Shirts","Hawaiian Shirts"
"Help","Help"
"Hey! Check out these Specialty Commissions from Budsies. You send them a photo of your drawing, ref sheet or artwork, and they make it into a custom stuffed animal. Here is a VIP link:","Hey! Check out these Specialty Commissions from Budsies. You send them a photo of your drawing, ref sheet or artwork, and they make it into a custom stuffed animal. Here is a VIP link:"
"Hide products","Hide products"
"High quality 24 count crayons for making the most magical doodles","High quality 24 count crayons for making the most magical doodles"
"Home Page","Home Page"
"Home","Home"
"Homepage","Homepage"
"House/Apartment number *","House/Apartment number *"
"House/Apartment number","House/Apartment number"
"Household","Household"
"How It Works","How It Works"
"How it Works","How it Works"
"How many {productType} of this exact same design?","How many {productType} of this exact same design?"
"Hurry - save your spot in line!","Hurry - save your spot in line!"
"I accept terms and conditions","I accept terms and conditions"
"I accept","I accept"
"I agree to","I agree to"
"I don't have a good drawing","I don't have a good drawing"
"I don't have kids","I don't have kids"
"I don't know which picture to use","I don't know which picture to use"
"I have a company and want to receive an invoice for every order","I have a company and want to receive an invoice for every order"
"I need help with ordering","I need help with ordering"
"I need help","I need help"
"I understand that Budsies happily takes care of all tears, defects, and shipping damage with either a refund or a repair.","I understand that Budsies happily takes care of all tears, defects, and shipping damage with either a refund or a repair."
"I want to create an account","I want to create an account"
"I want to create an account'","I want to create an account'"
"I want to generate an invoice for the company","I want to generate an invoice for the company"
"I want to receive a newsletter, and agree to its terms","I want to receive a newsletter, and agree to its terms"
"I'll get it as a gift later","I'll get it as a gift later"
"If you need an assistance you can drop us a line on","If you need an assistance you can drop us a line on"
"If you want to change the password to access your account, enter the following information:","If you want to change the password to access your account, enter the following information:"
"If your pet has different color eyes,","If your pet has different color eyes,"
"If your ticket is chosen, you'll be notified via email and have 5 days to order your Specialty Commission","If your ticket is chosen, you'll be notified via email and have 5 days to order your Specialty Commission"
"In stock!","In stock!"
"Include this design's magic word in the subject line of the email:","Include this design's magic word in the subject line of the email:"
"Include this magic word in the subject line of the email","Include this magic word in the subject line of the email"
"Includes shipping & handling to US address","Includes shipping & handling to US address"
"Industry Awards","Industry Awards"
"Inspiration Machine","Inspiration Machine"
"Instant Checkout","Instant Checkout"
"Internal Application error while refreshing the tokens. Please clear the storage and refresh page.","Internal Application error while refreshing the tokens. Please clear the storage and refresh page."
"Internal Server Error 500","Internal Server Error 500"
"International orders ship via USPS First Class Mail for just $24.95 worldwide, with $5.95 per each additional Petsie in the order.","International orders ship via USPS First Class Mail for just $24.95 worldwide, with $5.95 per each additional Petsie in the order."
"It carefully packaged with a personal touch","It carefully packaged with a personal touch"
"It's ordered!","It's ordered!"
"It's too expensive ","It's too expensive "
"Italian","Italian"
"Italy","Italy"
"Item","Item"
"Items ordered","Items ordered"
"I’M SORRY!!","I’M SORRY!!"
"Join Dongler on his journey home from a long day at the Charming Chowmungle Chocolate factory","Join Dongler on his journey home from a long day at the Charming Chowmungle Chocolate factory"
"Join","Join"
"Just browsing... love your work!","Just browsing... love your work!"
"Keep your addresses and contact details updated.","Keep your addresses and contact details updated."
"Keychains","Keychains"
"Kidswear","Kidswear"
"Last Name","Last Name"
"Last name *","Last name *"
"Last name","Last name"
"Latest","Latest"
"Leave me review","Leave me review"
"Legal notice","Legal notice"
"Let your friends know about Petsies so they can make their own amazing custom plushies.","Let your friends know about Petsies so they can make their own amazing custom plushies."
"Load more","Load more"
"Log in to your account","Log in to your account"
"Log in","Log in"
"Log out","Log out"
"Login to your account","Login to your account"
"Login","Login"
"Logout","Logout"
"Looks like you haven’t added any items to the bag yet. Start shopping to fill it in.","Looks like you haven’t added any items to the bag yet. Start shopping to fill it in."
"Love Petsies? Share the love with friends and get VIP perks!","Love Petsies? Share the love with friends and get VIP perks!"
"Loyalty Card","Loyalty Card"
"MM","MM"
"Magazine","Magazine"
"Magnets","Magnets"
"Make your Petsies {product} even more special with these common add-ons","Make your Petsies {product} even more special with these common add-ons"
"Make your Specialty Commission even more special with these common add-ons","Make your Specialty Commission even more special with these common add-ons"
"Make your {product} even more special with these common add-ons","Make your {product} even more special with these common add-ons"
"Manage all the shipping addresses you want (work place, home address ...) This way you won\'t have to enter the shipping address manually with each order.","Manage all the shipping addresses you want (work place, home address ...) This way you won\'t have to enter the shipping address manually with each order."
"Manage your wishlist","Manage your wishlist"
"Media","Media"
"Men's fashion","Men's fashion"
"Menu","Menu"
"Month","Month"
"More registrants from your unique link = more tickets + better odds for you!","More registrants from your unique link = more tickets + better odds for you!"
"Most customers just upload one photo","Most customers just upload one photo"
"Must be greater than 0","Must be greater than 0"
"My Account","My Account"
"My Cart","My Cart"
"My Recently viewed products","My Recently viewed products"
"My account","My account"
"My loyalty card","My loyalty card"
"My newsletter","My newsletter"
"My orders","My orders"
"My product reviews","My product reviews"
"My profile","My profile"
"My reviews","My reviews"
"My shipping details","My shipping details"
"NOTE: Proceed to Step 2 to complete your order. You may send us your photo within the next 5 days.","NOTE: Proceed to Step 2 to complete your order. You may send us your photo within the next 5 days."
"Name must have at least 2 letters.","Name must have at least 2 letters."
"Name must have at least 3 letters.","Name must have at least 3 letters."
"Name","Name"
"Network error. Please try again later","Network error. Please try again later"
"New Luma Yoga Collection","New Luma Yoga Collection"
"New Password","New Password"
"New password *","New password *"
"Newsletter","Newsletter"
"Next Drawing: {date}","Next Drawing: {date}"
"Next","Next"
"No Extra Pets","No Extra Pets"
"No available product variants","No available product variants"
"No orders yet","No orders yet"
"No products found!","No products found!"
"No products synchronized for this category. Please come back while online!","No products synchronized for this category. Please come back while online!"
"No products yet","No products yet"
"No results were found.","No results were found."
"No reviews have been posted yet. Please don't hesitate to share Your opinion and write the first review!","No reviews have been posted yet. Please don't hesitate to share Your opinion and write the first review!"
"Not sure what's causing error? We're here to help take your order","Not sure what's causing error? We're here to help take your order"
"Notify Customer Support","Notify Customer Support"
"Now you can get a custom plush lookalike of your pet from @PetsiesOfficial. Check it out! https://t.co/YxtXW7CYJQ","Now you can get a custom plush lookalike of your pet from @PetsiesOfficial. Check it out! https://t.co/YxtXW7CYJQ"
"OC Commissions","OC Commissions"
"OK","OK"
"Official Budsies Mascot","Official Budsies Mascot"
"Oinker is a pig that's purple with green spots. Has a ball-shaped nose, really big toes, one green eye and one red eye, and a green curly tail.","Oinker is a pig that's purple with green spots. Has a ball-shaped nose, really big toes, one green eye and one red eye, and a green curly tail."
"One image is typically sufficient, but you may upload up to three images of your design","One image is typically sufficient, but you may upload up to three images of your design"
"Open Cart","Open Cart"
"Open menu","Open menu"
"Open microcart","Open microcart"
"Open my account","Open my account"
"Open search panel","Open search panel"
"Open wishlist","Open wishlist"
"Optional","Optional"
"Optional. Leave blank if unsure","Optional. Leave blank if unsure"
"Or if you will stay on 'Order confirmation' page, the order will be placed automatically without confirmation, once the internet connection will be back.","Or if you will stay on 'Order confirmation' page, the order will be placed automatically without confirmation, once the internet connection will be back."
"Order #","Order #"
"Order #{id}","Order #{id}"
"Order Complete","Order Complete"
"Order ID","Order ID"
"Order No.","Order No."
"Order Summary","Order Summary"
"Order confirmation","Order confirmation"
"Order date","Order date"
"Order details","Order details"
"Order history","Order history"
"Order informations","Order informations"
"Order review","Order review"
"Orders","Orders"
"Ornaments","Ornaments"
"Other Golf Head Covers","Other Golf Head Covers"
"Other Products","Other Products"
"Other Useful Links","Other Useful Links"
"Other components","Other components"
"Other custom gifts you might like","Other custom gifts you might like"
"Others","Others"
"Our huggable 6” Dongler keeps you company while you doodle","Our huggable 6” Dongler keeps you company while you doodle"
"Our service is not responsible for local tariffs or duties on international shipments","Our service is not responsible for local tariffs or duties on international shipments"
"Out of stock!","Out of stock!"
"Out of the stock!","Out of the stock!"
"Overcome 3 challenges along the way by drawing friendly creatures that help Dongler get home to his lovely wife","Overcome 3 challenges along the way by drawing friendly creatures that help Dongler get home to his lovely wife"
"Pajamas","Pajamas"
"Password *","Password *"
"Password change","Password change"
"Password has successfully been changed","Password has successfully been changed"
"Password must contain at least 3 different character classes: lower case, upper case, digits, special characters.","Password must contain at least 3 different character classes: lower case, upper case, digits, special characters."
"Password must have at least 6 symbols.","Password must have at least 6 symbols."
"Password must have at least 8 letters.","Password must have at least 8 letters."
"Password","Password"
"Passwords must be identical","Passwords must be identical"
"Passwords must be identical.","Passwords must be identical."
"Payment method","Payment method"
"Payment","Payment"
"Personal Details","Personal Details"
"Personal data","Personal data"
"Pet Info","Pet Info"
"Pet Keychains","Pet Keychains"
"Pet Magnets","Pet Magnets"
"Pet Name","Pet Name"
"Pet Ornaments","Pet Ornaments"
"Pet Photo Blankets","Pet Photo Blankets"
"Pet Shaped Pillows","Pet Shaped Pillows"
"Pet Socks","Pet Socks"
"Pet's name","Pet's name"
"Petsies Stuffed Animals","Petsies Stuffed Animals"
"Petsies are not replicas of your pet. They are handcrafted plush works of art. For better or worse, Petsies will not smell, shed, or bite like your pet","Petsies are not replicas of your pet. They are handcrafted plush works of art. For better or worse, Petsies will not smell, shed, or bite like your pet"
"Petsies {product} Order Form","Petsies {product} Order Form"
"Petsies","Petsies"
"Phone Number","Phone Number"
"Phone number may be needed by carrier","Phone number may be needed by carrier"
"Phone number","Phone number"
"Photo Pillows","Photo Pillows"
"Photo Tips","Photo Tips"
"Photo","Photo"
"Pillows","Pillows"
"Place the order","Place the order"
"Please apply gift certificates during checkout (next step)","Please apply gift certificates during checkout (next step)"
"Please change Your search criteria and try again. If still not finding anything relevant, please visit the Home page and try out some of our bestsellers!","Please change Your search criteria and try again. If still not finding anything relevant, please visit the Home page and try out some of our bestsellers!"
"Please check if all data are correct","Please check if all data are correct"
"Please configure product bundle options and fix the validation errors","Please configure product bundle options and fix the validation errors"
"Please configure product custom options and fix the validation errors","Please configure product custom options and fix the validation errors"
"Please confirm order you placed when you was offline","Please confirm order you placed when you was offline"
"Please describe the key features and colors of your character","Please describe the key features and colors of your character"
"Please feel free to email","Please feel free to email"
"Please fix the validation errors","Please fix the validation errors"
"Please include a photo of the full body","Please include a photo of the full body"
"Please note any special requests in the description above","Please note any special requests in the description above"
"Please order each person in the photo as a separate {product}","Please order each person in the photo as a separate {product}"
"Please order each unique design as a separate Budsies plush","Please order each unique design as a separate Budsies plush"
"Please order each unique design as a separate {product}","Please order each unique design as a separate {product}"
"Please provide a description of the photo to help us most accurately create the {product}. Features, colors, clothing, accessories, and even mood are all helpful","Please provide a description of the photo to help us most accurately create the {product}. Features, colors, clothing, accessories, and even mood are all helpful"
"Please provide as much direction as possible to help us understand the artwork.","Please provide as much direction as possible to help us understand the artwork."
"Please provide valid city name","Please provide valid city name"
"Please provide valid e-mail address.","Please provide valid e-mail address."
"Please provide valid phone number","Please provide valid phone number."
"Please provide within 3 days","Please provide within 3 days"
"Please upload a full body photo, side view and back view, so our designers can accurately design your 3D {product}","Please upload a full body photo, side view and back view, so our designers can accurately design your 3D {product}"
"Please upload your illustration","Please upload your illustration"
"Please wait ...","Please wait ..."
"Please, check credentials","Please, check credentials"
"Please, enter valid phone number","Please, enter valid phone number"
"Please, fill required fields","Please, fill required fields"
"Price Savings","Price Savings"
"Price {variant}","Price {variant}"
"Price","Price"
"Price: High to low","Price: High to low"
"Price: Low to high","Price: Low to high"
"Pricing","Pricing"
"Privacy Policy","Privacy Policy"
"Privacy policy","Privacy policy"
"Proceed to checkout","Proceed to checkout"
"Processing order...","Processing order..."
"Product Details","Product Details"
"Product Name","Product Name"
"Product details","Product details"
"Product has been added to the cart!","Product has been added to the cart!"
"Product price is unknown, product cannot be added to the cart!","Product price is unknown, product cannot be added to the cart!"
"Product quantity has been updated!","Product quantity has been updated!"
"Product suggestions","Product suggestions"
"Product was added to the cart","Product was added to the cart"
"Product {productName} has been added to wishlist!","Product {productName} has been added to wishlist!"
"Product {productName} has been removed from wishlist!","Product {productName} has been removed from wishlist!"
"Products found","Products found"
"Products","Products"
"Profile","Profile"
"Provide Photos Later","Provide Photos Later"
"Provide a clear photo of the face","Provide a clear photo of the face"
"Provided email does not exist","Provided email does not exist"
"Puppets","Puppets"
"Purchase","Purchase"
"Qty","Qty"
"Quantity & Shipping Discounts","Quantity & Shipping Discounts"
"Quantity","Quantity"
"Quick Links","Quick Links"
"Read all {count} review","Read all {count} review"
"Read all {review} review","Read all {review} review"
"Read less","Read less"
"Read more","Read more"
"Read our","Read our"
"Read reviews","Read reviews"
"Receive a Free Drawing & Storybook","Receive a Free Drawing & Storybook"
"Recommended for ages 4+","Recommended for ages 4+"
"Refer Friends to","Refer Friends to"
"Referral Program","Referral Program"
"Referral Rewards","Referral Rewards"
"Refund & Return Policy","Refund & Return Policy"
"Refund Policy","Refund Policy"
"Register an account","Register an account"
"Register now","Register now"
"Register","Register"
"Registering the account ...","Registering the account ..."
"Remake order","Remake order"
"Remember me","Remember me"
"Remind date","Remind date"
"Remove from compare","Remove from compare"
"Remove","Remove"
"Renaissance Blankets","Renaissance Blankets"
"Repeat Password","Repeat Password"
"Repeat new password *","Repeat new password *"
"Repeat password *","Repeat password *"
"Repeat password","Repeat password"
"Resellers","Resellers"
"Reset password feature does not work while offline!","Reset password feature does not work while offline!"
"Reset password","Reset password"
"Resetting the password ... ","Resetting the password ... "
"Rest assured, we offer free returns within 30 days","Rest assured, we offer free returns within 30 days"
"Return policy","Return policy"
"Return to home","Return to home"
"Return to shopping","Return to shopping"
"Returns","Returns"
"Review order","Review order"
"Review","Review"
"Reviews","Reviews"
"Rewards dollars may be applied onto existing orders within 7 days of checkout.","Rewards dollars may be applied onto existing orders within 7 days of checkout."
"Rising Stars","Rising Stars"
"Rising Starts","Rising Starts"
"SKU","SKU"
"SKU: {sku}","SKU: {sku}"
"Safety","Safety"
"Sale","Sale"
"Save & Make Another","Save & Make Another"
"Save for later","Save for later"
"Search","Search"
"Searched term should consist of at least 3 characters.","Searched term should consist of at least 3 characters."
"See Preview","See Preview"
"See details","See details"
"See our bestsellers","See our bestsellers"
"See past winning numbers","See past winning numbers"
"Select Design Variant","Select Design Variant"
"Select No","Select No"
"Select Yes","Select Yes"
"Select Your Box","Select Your Box"
"Select Your Type of Pet","Select Your Type of Pet"
"Select color ","Select color "
"Select design","Select design"
"Select set","Select set"
"Select size and material","Select size and material"
"Select size {variant}","Select size {variant}"
"Select size","Select size"
"Select style","Select style"
"Select your character's primary colors.","Select your character's primary colors."
"Select","Select"
"Selected variant is out of stock","Selected variant is out of stock"
"Selfies","Selfies"
"Send my feedback","Send my feedback"
"Send photos later","Send photos later"
"Services","Services"
"Set as default Billing address","Set as default Billing address"
"Set as default Shipping address","Set as default Shipping address"
"Share Your Look","Share Your Look"
"Share with Petsies","Share with Petsies"
"Share your child's drawings and see what other children from around the world have created","Share your child's drawings and see what other children from around the world have created"
"Share your link with your friends to earn more raffle tickets","Share your link with your friends to earn more raffle tickets"
"Ship to my default address","Ship to my default address"
"Shipping Discounts","Shipping Discounts"
"Shipping address","Shipping address"
"Shipping details","Shipping details"
"Shipping method","Shipping method"
"Shipping","Shipping"
"Shirts","Shirts"
"Shopping Cart","Shopping Cart"
"Shopping cart is empty. Please add some products before entering Checkout","Shopping cart is empty. Please add some products before entering Checkout"
"Shopping cart","Shopping cart"
"Shopping summary","Shopping summary"
"Show products","Show products"
"Show subcategories","Show subcategories"
"Side and back views are also encouraged","Side and back views are also encouraged"
"Sign up to our newsletter and receive a coupon for 10% off!","Sign up to our newsletter and receive a coupon for 10% off!"
"Similar Products","Similar Products"
"Similar products","Similar products"
"Size guide","Size guide"
"Size","Size"
"Skip to the front of the line!","Skip to the front of the line!"
"Social","Social"
"Socks","Socks"
"Some customers use multiple photos to mix and match outfits or accessories","Some customers use multiple photos to mix and match outfits or accessories"
"Some fields are invalid","Some fields are invalid"
"Some of the ordered products are not available!","Some of the ordered products are not available!"
"Some products you've ordered are out of stock. Your order has been canceled.","Some products you've ordered are out of stock. Your order has been canceled."
"Something went wrong ...","Something went wrong ..."
"Something went wrong","Something went wrong"
"Something went wrong, sorry","Something went wrong, sorry"
"Something went wrong. Please try another payment method","Something went wrong. Please try another payment method"
"Something went wrong. Try again in a few seconds.","Something went wrong. Try again in a few seconds."
"Sometimes our team has questions about your design","Sometimes our team has questions about your design"
"Sort By","Sort By"
"Specialty Commission Order Form","Specialty Commission Order Form"
"Specialty Commissions","Specialty Commissions"
"Spot in Line","Spot in Line"
"Square Photo Pillows","Square Photo Pillows"
"Start shopping","Start shopping"
"State / Province","State / Province"
"State/Province","State/Province"
"Status","Status"
"Step {number}","Step {number}"
"Stock check in progress, please wait while available stock quantities are checked","Stock check in progress, please wait while available stock quantities are checked"
"Store locator","Store locator"
"Story","Story"
"Street Name","Street Name"
"Street name *","Street name *"
"Street name","Street name"
"Stuffed Animal Pros","Stuffed Animal Pros"
"Subscribe to Newsletters","Subscribe to Newsletters"
"Subscribe to the newsletter and receive a coupon for 10% off","Subscribe to the newsletter and receive a coupon for 10% off"
"Subscribe","Subscribe"
"Subtotal Incl Tax","Subtotal Incl Tax"
"Subtotal incl. tax","Subtotal incl. tax"
"Subtotal","Subtotal"
"Success! Your storybook is on it's way","Success! Your storybook is on it's way"
"Sucessfully changed password","Sucessfully changed password"
"Summary","Summary"
"Tap & hold link to copy","Tap & hold link to copy"
"Tax ID *","Tax ID *"
"Tax ID must have at least 3 letters.","Tax ID must have at least 3 letters."
"Tax identification number *","Tax identification number *"
"Tax identification number must have at least 3 letters.","Tax identification number must have at least 3 letters."
"Tax identification number","Tax identification number"
"Tax","Tax"
"Tell us about your pet's coloration and defining feature(s).","Tell us about your pet's coloration and defining feature(s)."
"Terms and conditions","Terms and conditions"
"Terms of Service","Terms of Service"
"Text components","Text components"
"Thank You - You've Ordered a Custom {storeName} Plushie","Thank You - You've Ordered a Custom {storeName} Plushie"
"Thank You","Thank You"
"Thank you for ordering a custom {storeName} toy","Thank you for ordering a custom {storeName} toy"
"Thank you for placing your Petsies order.","Thank you for placing your Petsies order."
"Thank you for supporting our artists & good luck!!","Thank you for supporting our artists & good luck!!"
"Thank you for your subscription!","Thank you for your subscription!"
"Thanks! Our support team will contact you soon to help figure out this payment issue.","Thanks! Our support team will contact you soon to help figure out this payment issue."
"That payment method was not accepted for this transaction. Please choose another.","That payment method was not accepted for this transaction. Please choose another."
"The @BudsiesToys Gift Box lets your kids draw art and turn it into a real stuffed animal!","The @BudsiesToys Gift Box lets your kids draw art and turn it into a real stuffed animal!"
"The OrderNumber is {id}","The Order Number is {id}"
"The Standard size fits most animals. We recommend the Miniature size for smaller dog breeds, miniature cats, hamsters, etc.","The Standard size fits most animals. We recommend the Miniature size for smaller dog breeds, miniature cats, hamsters, etc."
"The new account will be created with the purchase. You will receive details on e-mail.","The new account will be created with the purchase. You will receive details on e-mail."
"The order can not be transfered because of server error. Order has been queued","The order can not be transfered because of server error. Order has been queued"
"The perfect canvas for your creativity","The perfect canvas for your creativity"
"The perfect holiday gift (even last minute!)","The perfect holiday gift (even last minute!)"
"The perfect next step for the child's drawings","The perfect next step for the child's drawings"
"The product is out of stock and cannot be added to the cart!","The product is out of stock and cannot be added to the cart!"
"The product, category or CMS page is not available in Offline mode. Redirecting to Home.","The product, category or CMS page is not available in Offline mode. Redirecting to Home."
"The server order id has been set to ","The server order id has been set to "
"There is no Internet connection. You can still place your order. We will notify you if any of ordered products is not available because we cannot check it right now.","There is no Internet connection. You can still place your order. We will notify you if any of ordered products is not available because we cannot check it right now."
"This feature is not implemented yet! Please take a look at https://github.com/DivanteLtd/vue-storefront/issues for our Roadmap!","This feature is not implemented yet! Please take a look at https://github.com/DivanteLtd/vue-storefront/issues for our Roadmap!"
"This feature is not implemented yet! Please take a look at","This feature is not implemented yet! Please take a look at"
"This payment method already exists in Your vault.","This payment method already exists in Your vault."
"This product is out of stock.","This product is out of stock."
"Thumbnail","Thumbnail"
"To finish the order just come back to our store while online. Your order will be sent to the server as soon as you come back here while online and then confirmed regarding the stock quantities of selected items","To finish the order just come back to our store while online. Your order will be sent to the server as soon as you come back here while online and then confirmed regarding the stock quantities of selected items"
"Toggle password visibility","Toggle password visibility"
"Total Discounts","Total Discounts"
"Total items","Total items"
"Total","Total"
"Totals","Totals"
"Track my order","Track my order"
"Try again","Try again"
"Type what you are looking for...","Type what you are looking for..."
"Type your opinion","Type your opinion"
"Type","Type"
"Typography","Typography"
"Uh oh! We got error with your payment.","Uh oh! We got error with your payment."
"Unable to add new address","Unable to add new address"
"Unable to initialize the uploader control...","Unable to initialize the uploader control..."
"Unable to update address","Unable to update address"
"Unfortunately we can't find the page you are looking for.","Unfortunately we can't find the page you are looking for."
"Unhandled error, wrong response format!","Unhandled error, wrong response format!"
"United States","United States"
"Update Address","Update Address"
"Update item","Update item"
"Update my preferences","Update my preferences"
"Update my profile","Update my profile"
"Update my shipping details","Update my shipping details"
"Update password","Update password"
"Update personal data","Update personal data"
"Update the address","Update the address"
"Update","Update"
"Upgrade Your Petsies {product} (optional)","Upgrade Your Petsies {product} (optional)"
"Upgrade Your Plush (optional)","Upgrade Your Plush (optional)"
"Upgrade Your {productType} (optional)","Upgrade Your {productType} (optional)"
"Upgrade Your {product} (optional)","Upgrade Your {product} (optional)"
"Upload Back View photo","Upload Back View photo"
"Upload Now","Upload Now"
"Upload Photo of Pet","Upload Photo of Pet"
"Upload Side View photo","Upload Side View photo"
"Upload Your Artwork","Upload Your Artwork"
"Upload Your Photo","Upload Your Photo"
"Upload your pet's photo","Upload your pet's photo"
"Use gift card to checkout","Use gift card to checkout"
"Use my company's address details","Use my company's address details"
"Use my default billing data","Use my default billing data"
"VIEW","VIEW"
"Value","Value"
"Veterinarians","Veterinarians"
"View all","View all"
"View order","View order"
"View","View"
"Voucher available for either a 16″ regular sized or 30″ supersized custom plush Budsie","Voucher available for either a 16″ regular sized or 30″ supersized custom plush Budsie"
"Vouchers include free S&H for Budsie ($13.95 value!).","Vouchers include free S&H for Budsie ($13.95 value!)."
"Vuestore","Vuestore"
"WHAT? You're Leaving!","WHAT? You're Leaving!"
"Want to upload photos now? Please use","Want to upload photos now? Please use"
"We bring the lucky child's artwork to life!","We bring the lucky child's artwork to life!"
"We can't find the page","We can't find the page"
"We found other products you might like","We found other products you might like"
"We recommend 3 photos from different angles. Please try to show your pet's special markings","We recommend 3 photos from different angles. Please try to show your pet's special markings"
"We recommend using clear images of your pet’s face in the position you would like them to be in on the image. Our designer will stylize, but not fully alter, the image you upload.","We recommend using clear images of your pet’s face in the position you would like them to be in on the image. Our designer will stylize, but not fully alter, the image you upload."
"We use cookies to give you the best shopping experience.","We use cookies to give you the best shopping experience."
"We will email you when your ticket is called and a spot has opened for your Specialty Commissions creation. Once your ticket is chosen, you will be able to submit your order. Raffle drawings will occur on a weekly basis until every ticket holder has been called.","We will email you when your ticket is called and a spot has opened for your Specialty Commissions creation. Once your ticket is chosen, you will be able to submit your order. Raffle drawings will occur on a weekly basis until every ticket holder has been called."
"We will first get through all raffle ticket holders before we open up Specialty Commissions to the public","We will first get through all raffle ticket holders before we open up Specialty Commissions to the public"
"We will refund the rush fee in the unlikely event we do not meet a promised delivery date","We will refund the rush fee in the unlikely event we do not meet a promised delivery date"
"We will send you details regarding the order","We will send you details regarding the order"
"We will send you the invoice to given e-mail address","We will send you the invoice to given e-mail address"
"We'll also send you a reminder email with instructions after you place your order","We'll also send you a reminder email with instructions after you place your order"
"We'll look into your error and call or email you back with an alternate method of payment.","We'll look into your error and call or email you back with an alternate method of payment."
"We'll send you a digital copy of the coloring book via email for you to download when ready!","We'll send you a digital copy of the coloring book via email for you to download when ready!"
"We've noticed Internal Server Error while rendering this request.","We've noticed Internal Server Error while rendering this request."
"We've sent password reset instructions to your email. Check your inbox and follow the link.","We've sent password reset instructions to your email. Check your inbox and follow the link."
"Week","Week"
"What we can improve?","What we can improve?"
"When anyone clicks this link and reserves their spot, you will receive an additional ticket.","When anyone clicks this link and reserves their spot, you will receive an additional ticket."
"When you're ready, please email a photo of the design to:","When you're ready, please email a photo of the design to:"
"When you're ready, please email photo to:","When you're ready, please email photo to:"
"Whether it makes us laugh, cry, or just gives us butterflies in our stomach... our team loves hearing the stories behind the plush. Sometimes, we handpick stories to share in our Spotlights or with the media.","Whether it makes us laugh, cry, or just gives us butterflies in our stomach... our team loves hearing the stories behind the plush. Sometimes, we handpick stories to share in our Spotlights or with the media."
"Why are you leaving me?","Why are you leaving me?"
"Winning Tickets","Winning Tickets"
"Wishlist","Wishlist"
"With 16″ Budsie","With 16″ Budsie"
"With 30″ Budsie","With 30″ Budsie"
"Woah! @Petsies makes a custom plush lookalike of your pet (just send them a photo!). Check out", "Woah! @Petsies makes a custom plush lookalike of your pet (just send them a photo!). Check out"
"Woah! Now you can turn your original characters and drawings into plush @Budsies","Woah! Now you can turn your original characters and drawings into plush @Budsies"
"Woah! You can turn your original characters and drawings into plush","Woah! You can turn your original characters and drawings into plush"
"Women fashion","Women fashion"
"You agree to receive email marketing from Budsies regarding our products and services.","You agree to receive email marketing from Budsies regarding our products and services."
"You are logged in as {firstname}","You are logged in as {firstname}"
"You are logged in!","You are logged in!"
"You are offline","You are offline"
"You are offline. Some features might not be available.","You are offline. Some features might not be available."
"You can allow us to remind you about the order via push notification after coming back online. You'll only need to click on it to confirm.","You can allow us to remind you about the order via push notification after coming back online. You'll only need to click on it to confirm."
"You can also use","You can also use"
"You can check status of your order by using our delivery status feature. You will receive an order confirmation e-mail with details of your order and a link to track its progress.","You can check status of your order by using our delivery status feature. You will receive an order confirmation e-mail with details of your order and a link to track its progress."
"You can do this now or after placing your order","You can do this now or after placing your order"
"You can log to your account using e-mail and password defined earlier. On your account you can <b>edit your profile data,</b> check <b>history of transactions,</b> edit <b>subscription to newsletter.</b>","You can log to your account using e-mail and password defined earlier. On your account you can <b>edit your profile data,</b> check <b>history of transactions,</b> edit <b>subscription to newsletter.</b>"
"You can only upload {count} files","You can only upload {count} files"
"You can see all previously chosen ticket numbers","You can see all previously chosen ticket numbers"
"You currently have no orders","You currently have no orders"
"You have been successfully subscribed to our newsletter!","You have been successfully subscribed to our newsletter!"
"You have been successfully unsubscribed from our newsletter!","You have been successfully unsubscribed from our newsletter!"
"You have no additional address entries in your address book.","You have no additional address entries in your address book."
"You have no default address entries in your address book.","You have no default address entries in your address book."
"You have no items to compare.","You have no items to compare."
"You have successfuly placed the order. You can check status of your order by using our <b>delivery status</b> feature. You will receive an order confirmation e-mail with details of your order and a link to track its progress.","You have successfuly placed the order. You can check status of your order by using our <b>delivery status</b> feature. You will receive an order confirmation e-mail with details of your order and a link to track its progress."
"You may include up to 3 images per {product} to help us understand it.","You may include up to 3 images per {product} to help us understand it."
"You may include up to 3 photos in your email (all of the same person)","You may include up to 3 photos in your email (all of the same person)"
"You may include up to 3 photos in your email (all of the same pet)","You may include up to 3 photos in your email (all of the same pet)"
"You may provide up to 3 photos for each person.","You may provide up to 3 photos for each person."
"You may provide up to 3 photos","You may provide up to 3 photos"
"You may select up to 3 most prominent color(s) of your animal to assist our team.","You may select up to 3 most prominent color(s) of your animal to assist our team."
"You must accept the terms and conditions.","You must accept the terms and conditions."
"You need to be logged in to see this page","You need to be logged in to see this page"
"You submitted your review for moderation.","You submitted your review for moderation."
"You will be presented with Apple Pay at the end of the checkout process","You will be presented with Apple Pay at the end of the checkout process"
"You will complete your payment via PayPal. After You will make payment, order will be automatically placed","You will complete your payment via PayPal. After You will make payment, order will be automatically placed"
"You will receive Push notification about the order.","You will receive Push notification about the order."
"You will receive Push notification after coming back online. You can confirm the order by clicking on it","You will receive Push notification after coming back online. You can confirm the order by clicking on it"
"You'll receive a confirmation email with your order number shortly!","You'll receive a confirmation email with your order number shortly!"
"You're logged out","You're logged out"
"You've Won Early Access to Specialty Commissions","You've Won Early Access to Specialty Commissions"
"You've entered an incorrect coupon code. Please try again.","You've entered an incorrect coupon code. Please try again."
"You've successfully placed the order","You've successfully placed the order"
"Your Account","Your Account"
"Your Pet's Breed","Your Pet's Breed"
"Your Pet's Name","Your Pet's Name"
"Your bag is empty","Your bag is empty"
"Your color input is especially helpful when photos are blurry or poorly lit. If left blank, our designers will use their professional judgement.","Your color input is especially helpful when photos are blurry or poorly lit. If left blank, our designers will use their professional judgement."
"Your current email address is","Your current email address is"
"Your e-mail","Your e-mail"
"Your email","Your email"
"Your feedback is important for us. Let us know what we could improve.","Your feedback is important for us. Let us know what we could improve."
"Your name","Your name"
"Your purchase","Your purchase"
"Your shopping cart is empty.","Your shopping cart is empty."
"Your story has just been broadcast to the design team. Thank you very much for giving us the opportunity to be a part of your family.","Your story has just been broadcast to the design team. Thank you very much for giving us the opportunity to be a part of your family."
"Your wishlist is empty.","Your wishlist is empty."
"You’ll receive dispatch confirmation and an arrival date","You’ll receive dispatch confirmation and an arrival date"
"Zip code must have at least 3 letters.","Zip code must have at least 3 letters."
"Zip-code *","Zip-code *"
"Zip-code must have at least 3 letters.","Zip-code must have at least 3 letters."
"Zip-code","Zip-code"
"a chat","a chat"
"a contact page","a contact page"
"and","and"
"browse our catalog","browse our catalog"
"but, but, but... why?","but, but, but... why?"
"color","color"
"color_filter","Color"
"design variant","design variant"
"email","email"
"erin_recommends_filter","Erin Recommends"
"for our Roadmap!","for our Roadmap!"
"here","here"
"if you have any questions.","if you have any questions."
"is an automated inbox used only for receiving images","is an automated inbox used only for receiving images"
"is an automated inbox used only for receiving images.","is an automated inbox used only for receiving images."
"login in to your account","login in to your account"
"login to your account","login to your account"
"login","login"
"or fill the details below","or fill the details below"
"or login to your account","or login to your account"
"or make up your own","or make up your own"
"or write to us through","or write to us through"
"or","or"
"our uploader","our uploader"
"our uploader.","our uploader."
"password","password"
"photo tips!","photo tips!"
"please indicate in Special Instructions","please indicate in Special Instructions"
"price_filter","Price"
"recommended","recommended"
"register an account","register an account"
"return to log in","return to log in"
"search","search"
"send them to us later","send them to us later"
"send them to us later.","send them to us later."
"size","size"
"size_filter","Size"
"to account","to account"
"to find product you were looking for.","to find product you were looking for."
"to find something beautiful for You!","to find something beautiful for You!"
"try a different payment method?","try a different payment method?"
"value","value"
"{count} Reviews","{count} Reviews"
"{count} items","{count} items"
"{product} Order Form","{product} Order Form"
"Skin Tone","Skin Tone"

"Add another artist","Add another artist"
"Add artist","Add artist"
"Artist's name","Artist's name"
"Be a Trendsetter. Share your creation!","Be a Trendsetter. Share your creation!"
"Do you have a special story?","Do you have a special story?"
"Enter the artist's birthday so we can send you a special gift","Enter the artist's birthday so we can send you a special gift"
"Just brought a drawing to life by making a custom stuffed toy!","Just brought a drawing to life by making a custom stuffed toy!"
"Love Budsies? Share the love with friends and get VIP perks!","Love Budsies? Share the love with friends and get VIP perks!"
"Share with Budsies","Share with Budsies"
"Thank you for placing your Budsies order.","Thank you for placing your Budsies order."
"Upload photo","Upload photo"
"A Super Fun Activity to Do With Your Kids!","A Super Fun Activity to Do With Your Kids!"
"Bonus: You'll also receive a free digital copy of our exclusive drawing & storybook “Dongler's Dinner Quest”!","Bonus: You'll also receive a free digital copy of our exclusive drawing & storybook “Dongler's Dinner Quest”!"
"Character","Character"
"Check your email for everything you need to make your epic Budsies creation, plus your free drawing and storybook featuring the one-and-only, Dongler!","Check your email for everything you need to make your epic Budsies creation, plus your free drawing and storybook featuring the one-and-only, Dongler!"
"Cut them out and paste them together","Cut them out and paste them together"
"Download Guide","Download Guide"
"Download The Storybook","Download The Storybook"
"Download Your Kit","Download Your Kit"
"Drawing template of the creation type you chose","Drawing template of the creation type you chose"
"Drawing templates of any extras you selected","Drawing templates of any extras you selected"
"Email Address:","Email Address:"
"Extras","Extras"
"Here's everything you need to make an epic Budsies creation, plus your free drawing and storybook featuring the one-and-only, Dongler!","Here's everything you need to make an epic Budsies creation, plus your free drawing and storybook featuring the one-and-only, Dongler!"
"How Does the Inspiration Machine Work?","How Does the Inspiration Machine Work?"
"Not sure what to draw for your awesome Budsies creation!? Our Inspiration Machine is here to help! Simply make your selections at each step and we’ll provide you with a helpful DIY kit to inspire your own amazing art.","Not sure what to draw for your awesome Budsies creation!? Our Inspiration Machine is here to help! Simply make your selections at each step and we’ll provide you with a helpful DIY kit to inspire your own amazing art."
"Or draw something completely new based on your templates","Or draw something completely new based on your templates"
"Our helpful machine guides your family's imagination journey. We help you decide what you would like to draw as your Budsies character and which accessories you'd like your character to have.","Our helpful machine guides your family's imagination journey. We help you decide what you would like to draw as your Budsies character and which accessories you'd like your character to have."
"Over 25 beautifully illustrated color pages take Dongler through a magical land as he makes his trek home for dinner. From the delight of a yummy chocolate bar to the freight of a dark forest, your child's illustrations will help Dongler get home in time for dinner!","Over 25 beautifully illustrated color pages take Dongler through a magical land as he makes his trek home for dinner. From the delight of a yummy chocolate bar to the freight of a dark forest, your child's illustrations will help Dongler get home in time for dinner!"
"Please allow up to 5 mins for the digital guide to be created","Please allow up to 5 mins for the digital guide to be created"
"Select Your Character","Select Your Character"
"Select Your Creature Type","Select Your Creature Type"
"Select Your Extras","Select Your Extras"
"Send My Inspiration Kit","Send My Inspiration Kit"
"Skip to download","Skip to download"
"The Inspiration Machine is a fun activity to do both by yourself or with your kiddos.","The Inspiration Machine is a fun activity to do both by yourself or with your kiddos."
"Trace the pieces and color them in","Trace the pieces and color them in"
"YAY! Your Inspiration Kit is Being Compiled!","YAY! Your Inspiration Kit is Being Compiled!"
"Your Creation Awaits!","Your Creation Awaits!"
"Your Inspiration Kit Includes:","Your Inspiration Kit Includes:"
"Your Inspiration Kit Is On It's Way!","Your Inspiration Kit Is On It's Way!"
"Your kit includes printable templates of your special creature and all the awesome extras you selected.","Your kit includes printable templates of your special creature and all the awesome extras you selected."
"Whatever you decide to do, we can't wait to see what you create! :)","Whatever you decide to do, we can't wait to see what you create! :)"
"Enter your address below and we'll send you your customized, printable kit! We’ll also send you a free digital copy of “Dongler’s Dinner Quest” drawing and storybook. (valued at $24.95 on Amazon)",""
"Dongler's Dinner Quest (value of $24.95)","Dongler's Dinner Quest (value of $24.95)"
"Budsies Pals Kit","Budsies Pals Kit"
"Hospital Or Nonprofit","Hospital Or Nonprofit"
"Hospital","Hospital"
"Purchase a Budsies Pals Kit","Purchase a Budsies Pals Kit"
"The Budsies Pals Kits are delivered to the kiddos, so they can draw and create their own Budsies stuffed animal.","The Budsies Pals Kits are delivered to the kiddos, so they can draw and create their own Budsies stuffed animal."
"The Budsies stuffed animals are handmade with love by our designers and sent to the kiddos or their loved ones to offer them comfort & happiness.","The Budsies stuffed animals are handmade with love by our designers and sent to the kiddos or their loved ones to offer them comfort & happiness."
"We respect each facility's and family's privacy, but do our best to share photo and video updates of the children after they receive their magical creations.","We respect each facility's and family's privacy, but do our best to share photo and video updates of the children after they receive their magical creations."
"Each child is paired with a sponsor from our Budsies Community (that's you!).","Each child is paired with a sponsor from our Budsies Community (that's you!)."
"Apparel","Apparel"
"Budsies Pals Order Form","Budsies Pals Order Form"
"Budsies Pals Participant Name","Budsies Pals Participant Name"
"Describe Your Child's Budsies","Describe Your Child's Budsies"
"Enter your Information","Enter your Information"
"Household & Accessories","Household & Accessories"
"Parent/Guardian Name","Parent/Guardian Name"
"Please order","Please order"
"Please provide as much direction as possible to help us understand the artwork. Features, colors, & even mood are all very important.","Please provide as much direction as possible to help us understand the artwork. Features, colors, & even mood are all very important."
"Plush Products","Plush Products"
"Select Your Hospital","Select Your Hospital"
"Selfies Accessories","Selfies Accessories"
"Selfies if you have","Selfies if you have"
"Upload a Digital Photo of Your Child Holding His/Her Artwork","Upload a Digital Photo of Your Child Holding His/Her Artwork"
"people in your photo","people in your photo"
"two","two"
"No extra people","No extra people"
"Add more people","Add more people"
"Keychain Type","Keychain Type"
"I understand that my child's artwork, artwork description, photo, and first name, may be displayed on the Budsies website, social media, promotional materials, and within emails for the promotion of this program and Budsies plush services. Other media and promotion partners, such as television, newspapers, and magazines may also publish this content for related stories. No direct communication between my family and the sponsor is expected or required. If a sponsor is not identified, Budsies will sponsor my child’s custom plushie with no charge to you. Production may take up to 6 weeks. Thank you for reading this legalese as required by attorneys... now let's make some magical plush experiences!","I understand that my child's artwork, artwork description, photo, and first name, may be displayed on the Budsies website, social media, promotional materials, and within emails for the promotion of this program and Budsies plush services. Other media and promotion partners, such as television, newspapers, and magazines may also publish this content for related stories. No direct communication between my family and the sponsor is expected or required. If a sponsor is not identified, Budsies will sponsor my child’s custom plushie with no charge to you. Production may take up to 6 weeks. Thank you for reading this legalese as required by attorneys... now let's make some magical plush experiences!"